car,racing_line
26,"[[1100.0353766201067, 1290.710612986032, 1.0070963751747877, 163.30075576600638, 3], [1099.0287231142051, 1290.680749497515, 1.0070963751747877, 178.30075576600638, 0], [1098.048641255149, 1290.91244468184, 1.0070963751747877, 193.30075576600638, 0], [1097.1619220019713, 1291.3899088950895, 1.0070963751747877, 208.30075576600638, 0], [1096.428993806403, 1292.0806037401776, 1.0070963751747877, 223.30075576600638, 0], [1095.8998045137512, 1292.9374595048387, 1.0070963751747877, 238.30075576600638, 0], [1095.6104174997831, 1293.902082884732, 1.0070963751747877, 253.30075576600638, 0], [1095.5805540112663, 1294.9087363906335, 1.0070963751747877, 268.3007557660064, 0], [1095.8122491955912, 1295.8888182496896, 1.0070963751747877, 283.3007557660064, 0], [1096.2897134088407, 1296.7755375028673, 1.0070963751747877, 298.3007557660064, 0], [1096.7705183055616, 1297.668460882492, 1.0141427466539383, 298.3007557660064, 3], [1097.2546406743304, 1298.5675452816338, 1.0211401591959117, 298.3007557660064, 3]]"
